<?xml version="1.0" encoding="UTF-8"?>
<project-private xmlns="http://www.netbeans.org/ns/project-private/1">
    <editor-bookmarks xmlns="http://www.netbeans.org/ns/editor-bookmarks/2" lastBookmarkId="0"/>
    <open-files xmlns="http://www.netbeans.org/ns/projectui-open-files/2">
        <group>
            <file>file:/D:/angular2/MEAN/server/login/router.js</file>
            <file>file:/D:/angular2/MEAN/server/config.js</file>
            <file>file:/D:/angular2/MEAN/server/app.js</file>
            <file>file:/D:/angular2/MEAN/server/connection.js</file>
            <file>file:/D:/angular2/MEAN/server/register/router.js</file>
            <file>file:/D:/angular2/MEAN/server/model/user.js</file>
            <file>file:/D:/angular2/MEAN/server/index.js</file>
            <file>file:/D:/angular2/MEAN/server/schema/user.js</file>
        </group>
    </open-files>
</project-private>
